Question,Answer
A company produces 500 tons of plastic packaging annually and is subject to an Extended Producer Responsibility (EPR) scheme with a recovery target of 80%. How many tons of plastic packaging should the company aim to recover each year to meet the EPR requirement?,generations=[[Generation(text='500 tons x 80% = 400 tons\n    The company should aim to recover 400 tons of plastic packaging annually to meet the EPR requirement.')]] llm_output=None run=[RunInfo(run_id=UUID('870d15a9-ba2f-4a5c-ac2d-1de2fb8efdc6'))]
What is the report quarter and when did it end?,"generations=[[Generation(text='1. The report quarter refers to the first quarter of a fiscal year.\n    2. Based on the context information provided, the report quarter is the first quarter of Fiscal 2023.\n    3. The context information also states that the first quarter of Fiscal 2023 ended on April 29, 2023.')]] llm_output=None run=[RunInfo(run_id=UUID('8198e219-c006-4364-a611-7c2c41108405'))]"
"What are the results for the reporting quarter? Please describe in the following order using bullet points - revenue, gross margin, opex, op margin, net income, and EPS. Include both GAAP and non-GAAP numbers. Please also include quarter-over-quarter changes.","generations=[[Generation(text='---------------------\n    • Revenue: Net sales for the reporting quarter were $3.28 billion , down 6% compared to last year.\n      - Quarter-over-quarter change: Down 6%.\n    • Gross margin: For the reporting quarter, gross margin was 37.9%, a decrease of 1.4 percentage points compared to last year.\n      - Quarter-over-quarter change: No significant change.\n    • Operating expenses (opex): Opex for the reporting quarter was $1.26 billion , down 5% compared to last year.\n      - Quarter-over-quarter change: Down 5%.\n    • Operating margin (op margin): Operating margin for the reporting quarter was 10.8%, a decrease of 1.7 percentage points compared to last year.\n      - Quarter-over-quarter change: Down 1.7 percentage points.\n    • Net income: For the reporting quarter, net income was $235 million , down 28% compared to last year.\n      - Quarter-over-quarter change: Down 28%.\n    • Earnings per share')]] llm_output=None run=[RunInfo(run_id=UUID('45f870a9-8f14-424d-b308-23d6c7ff5453'))]"
"If a municipality introduces a pay-as-you-throw program as part of its EPR strategy, charging households $0.05 per pound of collected waste, what is the cost for a household that generates 30 pounds per week?","generations=[[Generation(text='1. The cost for each pound of waste generated by the household is $0.05.\n    2. The household generates 30 pounds of waste per week.\n    3. Therefore, the total weekly cost for this household would be $0.05 x 30 = $1.50.\n    4. If you want to find out the annual cost, you can multiply the weekly cost by 52: $1.50 x 52 = $78.60.')]] llm_output=None run=[RunInfo(run_id=UUID('05b802c3-f197-43b4-81f5-2ca2f78b9fb5'))]"
What's the operating margin for the current quarter?,"generations=[[Generation(text='1. From the provided context information, it is mentioned that the adjusted operating margin for the first quarter of fiscal 2023 was 8.7%.\n    2. Therefore, the operating margin for the current quarter (first quarter of fiscal 2023) is 8.7%.')]] llm_output=None run=[RunInfo(run_id=UUID('b550a0cf-65da-49b5-ab14-d56ac7a6f14f'))]"
"Identify potential risks associated with EPR implementation, such as regulatory changes, market volatility, and technological disruptions. Develop a risk assessment framework that assigns probabilities and impacts to each identified risk factor. Propose risk mitigation strategies for minimizing the adverse effects of these risks on EPR programs and stakeholder interests.","generations=[[Generation(text='1. Regulatory Changes: The implementation of Extended Producer Responsibility (EPR) requires regulatory support and compliance. Changes in regulations, such as modifications to reporting requirements or changes to enforcement mechanisms, can impact the success of EPR programs.\n       Risk Assessment Framework: Probability of occurrence: Medium; Impact on EPR program: High.\n       Risk Mitigation Strategies: Stay informed about regulatory developments and engage in advocacy efforts to ensure favorable regulations for EPR implementation.\n    2. Market Volatility: The success of an EPR program depends on the effective collection, transportation, processing, and disposal or recycling of post-consumer waste (PCW). The market for PCW can be volatile due to factors such as changes in consumer preferences, fluctuations in commodity prices, and shifts in global trade patterns.\n       Risk Assessment Framework: Probability of occurrence: High; Impact on EPR program: Medium to High.\n       Risk Mitigation Strategies: Diversify the sources of PCW to reduce dependence on any single source or market. Engage in long-term contracts with reliable suppliers and partners to secure a steady supply of')]] llm_output=None run=[RunInfo(run_id=UUID('a8506ae2-4603-4b47-adee-b1c111536bd3'))]"
What were Gap Inc's net sales for the first quarter of fiscal 2023 and how did they compare to the previous year?,"generations=[[Generation(text=""\n    Gap Inc reported net sales of $3.28 billion for the first quarter of fiscal 2023. This represents a decrease of 6% compared to the same period last year. The decrease in net sales was primarily driven by an estimated 1-point negative impact from foreign exchange headwinds and 2 percentage points of negative impact from the sale of Gap China. Net sales were also negatively impacted by continued softness in the active and kid's categories as well as strategic store closures in North America. However, net sales were positively impacted by continued strength in the women's category offsetting some of the negative impacts mentioned above."")]] llm_output=None run=[RunInfo(run_id=UUID('9ea7932d-edbb-46f1-8308-91556cf2d7a1'))]"
"How did merchandise margin change from the previous year, and what were the drivers of this change?","generations=[[Generation(text='\n    The context information does not provide specific numbers for merchandise margin or its change from the previous year. However, it does mention that there was expansion in adjusted operating margin, which includes merchandise margin, from the previous year.\n    \n    As for the drivers of this change, the context information mentions several factors:\n    1. Continued strength in the women’s category offset by continued softness in the active and kid’s categories as well as strategic store closures in North America.\n    2. The sale of Gap China, which had a negative impact on adjusted operating margin, was completed during the quarter.\n    3. The shutdown of Yeezy Gap and foreign exchange headwinds also negatively impacted adjusted operating margin during the quarter.\n    4. However, there were also positive factors that contributed to the expansion in adjusted operating margin:\n    1. Continued improvement in inventory management, which helped reduce inventory levels and improve inventory productivity.\n    2. The implementation of cost savings initiatives, which helped offset some of the negative impacts from other factors on adjusted operating margin during the quarter.\n    3. The continued focus on driving share gains and market share growth, particularly in the women')]] llm_output=None run=[RunInfo(run_id=UUID('0f2cb782-827b-40c6-9133-c03142bab0e4'))]"
"Did Gap Inc. have an operating profit or loss, and if so, what was the amount?","generations=[[Generation(text='\n    Based on the provided financial results for the first quarter of fiscal 2023, Gap Inc. reported an adjusted operating income of $416 million. This represents a year-over-year increase of approximately 55%. Therefore, Gap Inc. had an operating profit during the first quarter of fiscal 2023.')]] llm_output=None run=[RunInfo(run_id=UUID('c29676d9-fe4d-4632-813c-c7ad6cbbab00'))]"
"What were the key results from each of Gap Inc.'s brands (Old Navy, Gap, Banana Republic, and Athleta)?","generations=[[Generation(text='1. Old Navy: Net sales of $1.8 billion, down 1%, with comparable sales also down 1%. Sales in the quarter were driven by continued strength in the women’s category offset by continued softness in the active and kid’s categories as well as slower demand from the lower-income consumer.\n    2. Gap: Net sales of $692 million, down 13%, with comparable sales also up 1%. Sales in the quarter were impacted by continued product acceptance challenges, strategic store closures in North America, and a negative impact from the sale of Gap China.\n    3. Banana Republic: Net sales of $432 million, down 10%, with comparable sales also down 8%. Sales in the quarter were impacted as the brand lapped outsized growth last year driven by the shift in consumer preferences.\n    4. Athleta: Net sales of $321 million, down 11%, with comparable sales also down 13%. Sales in the quarter were impacted by continued product acceptance challenges.')]] llm_output=None run=[RunInfo(run_id=UUID('391d7f99-5eba-4fdf-aa83-f4a537295631'))]"
What is the company's outlook on net sales for the second quarter and the full fiscal year 2023?,"generations=[[Generation(text='1. Second Quarter Fiscal Year 2023: No specific guidance was provided in the context information regarding the expected net sales for the second quarter of fiscal year 2023.\n    2. Full Fiscal Year 2023: The company expects to deliver continued margin expansion and improved cash flow relative to last year despite what they know will be a challenging macroeconomic environment. However, no specific guidance was provided in the context information regarding the expected net sales for the full fiscal year 2023.')]] llm_output=None run=[RunInfo(run_id=UUID('f69206e2-c585-4362-a6f1-35a3b60d55af'))]"
"How much cash and cash equivalents did Gap, Inc. have at the end of the quarter?","generations=[[Generation(text='\n    The context information does not provide the specific data on the cash and cash equivalents balance for Gap, Inc. at the end of the quarter. Therefore, it is not possible to answer the query with certainty based on the provided context information alone.')]] llm_output=None run=[RunInfo(run_id=UUID('926abd31-6c75-44e9-8d19-3cf6b94b2410'))]"
How does the company expect gross margin to change in Q2 and the full year compared to 2022?,"generations=[[Generation(text=""1. For Q2 2023, the company expects adjusted gross margin to expand by approximately 50 basis points compared to Q2 2022.\n    2. For the full year of fiscal 2023, the company expects adjusted gross margin to expand by approximately 70-80 basis points compared to fiscal 2022.\n    The above answers are based on the context information provided and should be considered in conjunction with the company's financial statements and other disclosures."")]] llm_output=None run=[RunInfo(run_id=UUID('9711f676-f533-49d4-8e90-fdfbc15678fe'))]"
"Did Gap Inc. pay a dividend in the first quarter, and what is their dividend strategy going forward?","generations=[[Generation(text='1. Yes, Gap Inc. paid a dividend of $0.15 per share for the second quarter of fiscal 2023. However, the context information does not provide any details about the first quarter dividend payment.\n    2. Regarding their dividend strategy going forward, the context information states that ""The Board of Directors approved a second quarter fiscal 2023 dividend of $0.15 per share."" This suggests that the company is maintaining its current dividend payout rate. However, it\'s important to note that companies may change their dividend policies at any time based on various factors such as financial performance, cash flow, and strategic priorities. Therefore, investors should always monitor a company\'s dividend policy and announcements carefully to stay informed about any changes or updates.')]] llm_output=None run=[RunInfo(run_id=UUID('c2d1bd13-36de-4772-bf58-6705dbfb1ffa'))]"
What are the key actions Gap Inc. is taking to execute its plan?,"generations=[[Generation(text=""1. Taking necessary actions to drive critical change at Gap Inc.\n    2. Focusing on a customer-centric approach.\n    3. Renewed focus on Old Navy and Gap Brand, which have shown improvements in share gains and adjusted operating margin expansion.\n    4. Reducing inventory levels and improving inventory productivity.\n    5. Strengthening the balance sheet through debt reduction and cash flow improvement.\n    6. Implementing a new organizational structure and operating model to drive greater agility, efficiency, and speed in decision making and execution.\n    7. Continuously evaluating and optimizing the company's portfolio of brands, geographies, and channels to ensure alignment with customer preferences, market trends, and competitive dynamics.\n    8. Investing in digital capabilities, including e-commerce, mobile, social media, data analytics, artificial intelligence, machine learning, and robotics, to enhance the customer experience, improve operational efficiency, and drive growth.\n    9. Fostering a culture of innovation, creativity, and continuous improvement, where employees are empowered to take risks, learn from failures, and contribute their ideas and expertise to help drive the company's growth and success."")]] llm_output=None run=[RunInfo(run_id=UUID('30fd7f6a-a5ce-4752-977a-9afa7d9230f2'))]"
