question,ground_truths,rag_answer,generated_questions
A company produces 500 tons of plastic packaging annually and is subject to an Extended Producer Responsibility (EPR) scheme with a recovery target of 80%. How many tons of plastic packaging should the company aim to recover each year to meet the EPR requirement?,"EPR Recovery Target Calculation:
 To meet the recovery target of 80%, the company should aim to recover 80% of 500 tons, which is:
 Recovery Target=80%×500 tons = 0.80×500 tons=400 tons
 So, the company should aim to recover 400 tons of plastic packaging each year.","To calculate the amount of plastic packaging the company should aim to recover each year, we need to use the following formula:

Recovery target (in tons) = Total production (in tons) x Recovery rate (as a percentage)

In this case, the total production is 500 tons, and the recovery target is 80%. Therefore, the recovery target in tons is:

Recovery target (in tons) = 500 tons x 80% = 400 tons

So, the company should aim to recover 400 tons of plastic packaging each year to meet the EPR requirement.","['If a company produces 500 tons of plastic annually and is part of an EPR scheme with an 80% recovery goal, how much plastic should it recover each year?', 'For a company under an EPR scheme with an 80% target and an annual production of 500 tons of plastic, what is the required recovery amount?', 'What is the annual recovery target in tons for a company producing 500 tons of plastic under an 80% EPR scheme?', 'How many tons of plastic must a company recycle annually if it produces 500 tons and is subject to an 80% recovery EPR scheme?']"
What is the report quarter and when did it end?,"The reported quarter is the first financial quarter of 2023. The quarter ended on April 29, 2023","The report quarter is the first quarter of fiscal year 2023, and it ended on April 29, 2023.","['What quarter is being reported on and when did it conclude?', 'Identify the reporting quarter and its end date.', 'Which fiscal quarter does the report cover and on what date did it end?', 'Can you specify the reported quarter and its closing date?']"
"What are the results for the reporting quarter? Please describe in the following order using bullet points - revenue, gross margin, opex, op margin, net income, and EPS. Include both GAAP and non-GAAP numbers. Please also include quarter-over-quarter changes.","The Results for the reporting quarter are:
1.  Revenue: GAAP revenue was $1,214 million (up 3% YoY and 2% QoQ), while non-GAAP revenue stood at $1,200 million (up 3% YoY and 2% QoQ).
2. Gross Margin: GAAP gross margin was 37.1% (down 0.3% YoY and flat QoQ), non-GAAP was 36.6% (down 0.4% YoY and flat QoQ).
3. Operating Expenses (Opex): GAAP operating expenses were $714 million (up 2% YoY and 1% QoQ), non-GAAP expenses were $687 million (up 2% YoY and 1% QoQ).
4. Operating Margin: GAAP operating margin came in at 13.1% (down 0.2% YoY and flat QoQ), and non-GAAP was 12.5% (down 0.3% YoY and flat QoQ).
5. Net Income: GAAP net income was $18 million (down 62% YoY and 85% QoQ), non-GAAP net income was $3 million (down 67% YoY and 88% QoQ).
6. EPS: GAAP EPS was $0.05 per share (down 62% YoY and 85% QoQ), non-GAAP EPS was $0.01 per share (down 67% YoY and 88% QoQ).","
Based on the provided context information, here are the results for the reporting quarter:

Revenue:

* GAAP: $1,214 million (up 3% YoY and 2% QoQ)
* Non-GAAP: $1,200 million (up 3% YoY and 2% QoQ)

Gross Margin:

* GAAP: 37.1% (down 0.3% YoY and flat QoQ)
* Non-GAAP: 36.6% (down 0.4% YoY and flat QoQ)

Operating Expenses:

* GAAP: $714 million (up 2% YoY and 1% QoQ)
* Non-GAAP: $687 million (up 2% YoY and 1% QoQ)

Operating Margin:

* GAAP: 13.1% (down 0.2% YoY and flat QoQ)
* Non-GAAP: 12.5% (down 0.3% YoY and flat QoQ)

Net Income:

* GAAP: $18 million (down 62% YoY and 85% QoQ)
* Non-GAAP: $3 million (down 67% YoY and 88% QoQ)

EPS:

* GAAP: $0.05 per share (down 62% YoY and 85% QoQ)
* Non-GAAP: $0.01 per share (down 67% YoY and 88% QoQ)

Note: All changes are based on year-over-year (YoY) and quarter-over-quarter (QoQ) comparisons, unless otherwise stated.","['List the financial results for the reported quarter in the order of revenue, gross margin, operating expenses, operating margin, net income, and EPS, including both GAAP and non-GAAP figures and their changes from the previous quarter.', 'Provide the financial outcomes for the quarter, detailing revenue, gross margin, operating expenses, operating margin, net income, and EPS in both GAAP and non-GAAP terms, along with the changes from the last quarter.', ""Summarize the quarter's financials in the sequence of revenue, gross margin, operating expenses, operating margin, net income, and EPS, showing both GAAP and non-GAAP values and the quarter-over-quarter variations."", 'Detail the financial results for the quarter, focusing on revenue, gross margin, operating expenses, operating margin, net income, and EPS, including comparisons of GAAP and non-GAAP figures to the previous quarter.']"
"If a municipality introduces a pay-as-you-throw program as part of its EPR strategy, charging households $0.05 per pound of collected waste, what is the cost for a household that generates 30 pounds per week?",A household generating 30 pounds of waste per week would incur a cost of $1.50 weekly under a pay-as-you-throw program charging $0.05 per pound .,The cost for a household that generates 30 pounds per week under a pay-as-you-throw program would be 1.50 per week (30pounds x 0.05 per pound).,"['What would be the weekly cost for a household producing 30 pounds of waste under a pay-as-you-throw program charging $0.05 per pound?', 'Calculate the weekly expense for a household disposing of 30 pounds of waste weekly with a fee of $0.05 per pound under a pay-as-you-throw scheme.', 'Under a pay-as-you-throw system charging $0.05 per pound, how much would a household pay weekly for 30 pounds of waste?', 'If a pay-as-you-throw program costs $0.05 per pound, what is the weekly cost for a household generating 30 pounds of waste?']"
What's the OP margin for the current quarter?,"
The operating margin is calculated with the formula given below: Operating margin = (Gross profit - Operating expenses) / Gross profit. OP is given by ($1,214 million - $1,224 million) / $1,214 million resulting in -0.3%. As a result, the OP margin for the first quarter of fiscal year 2023 was -0.3%.","
The given text does not mention the current quarter's OP margin. However, based on the information provided, we can calculate the OP margin for the first quarter of fiscal year 2023.

According to the text, the gross profit was $1,214 million, and the operating expenses were $1,224 million, resulting in an operating loss of $10 million. The operating margin is calculated as follows:

Operating margin = (Gross profit - Operating expenses) / Gross profit

Operating margin = ($1,214 million - $1,224 million) / $1,214 million

Operating margin = -0.3%

Therefore, the OP margin for the first quarter of fiscal year 2023 was -0.3%.","['What is the operating margin for the most recent quarter?', 'Can you provide the operating margin figure for the latest quarter?', 'What was the operating margin in the latest financial quarter?', 'Determine the operating margin for the current quarter.']"
"Identify potential risks associated with EPR implementation, such as regulatory changes, market volatility, and technological disruptions. Develop a risk assessment framework that assigns probabilities and impacts to each identified risk factor. Propose risk mitigation strategies for minimizing the adverse effects of these risks on EPR programs and stakeholder interests.","Potential Risks in EPR Implementation:
* Regulatory Changes: High probability (0.7), high impact (0.8).
* Market Volatility: Moderate probability (0.6), moderate impact (0.5)
* Technological Disruptions: Low probability (0.4), low impact (0.3)

Risk Mitigation Strategies: 
1. Regulatory Changes:
* Proactively monitor changes and maintain open dialogue with regulatory bodies.
* Design EPR programs with flexibility to adapt to evolving requirements.
2. Market Volatility:
* Offer a diverse portfolio of EPR programs to reduce reliance on a single source.
* Implement risk management strategies specific to market volatility.
3. Technological Disruptions:
* Prioritize R&D investment to stay current with technology.
* Create contingency plans to ensure continuity in the face of disruptions.

Risk assessment and proactive mitigation are crucial for successful EPR programs.","
Based on the context information provided, potential risks associated with EPR implementation include regulatory changes, market volatility, and technological disruptions. To assess these risks, a risk assessment framework can be developed that assigns probabilities and impacts to each identified risk factor. The following is a list of potential risk factors and their associated probabilities and impacts:

1. Regulatory changes:
        * Probability: 0.7 (high chance of occurrence)
        * Impact: 0.8 (high impact on EPR programs and stakeholder interests)
2. Market volatility:
        * Probability: 0.6 (moderate chance of occurrence)
        * Impact: 0.5 (moderate impact on EPR programs and stakeholder interests)
3. Technological disruptions:
        * Probability: 0.4 (low chance of occurrence)
        * Impact: 0.3 (low impact on EPR programs and stakeholder interests)

To mitigate the adverse effects of these risks on EPR programs and stakeholder interests, the following risk mitigation strategies can be proposed:

1. Regulatory changes:
        * Monitor regulatory changes and engage with regulatory bodies to ensure compliance.
        * Develop flexible and adaptable EPR programs that can respond to changing regulatory requirements.
2. Market volatility:
        * Diversify EPR program offerings to reduce dependence on any single revenue stream.
        * Develop risk management strategies to mitigate the impact of market volatility on EPR programs.
3. Technological disruptions:
        * Invest in research and development to stay ahead of technological changes and ensure the relevance of EPR programs.
        * Develop contingency plans to address potential technological disruptions and ensure the continuity of EPR programs.

By using this risk assessment framework and implementing these risk mitigation strategies, stakeholders can minimize the adverse effects of potential risks associated with EPR implementation and ensure the success of EPR programs.","['Outline a risk assessment framework for EPR implementation, including probability and impact of risks like regulatory changes and market volatility, and suggest strategies to mitigate these risks.', 'Create a risk management plan for EPR programs, assessing the likelihood and impact of risks such as regulatory shifts and technological disruptions, and recommend mitigation tactics.', 'Develop a framework to assess and manage risks in EPR implementation, focusing on regulatory, market, and technological factors, and propose strategies to reduce their negative impacts.', 'Construct a risk evaluation and mitigation strategy for implementing EPR, considering risks like regulatory changes and market instability, and offer solutions to minimize these risks.']"
What were Gap Inc's net sales for the first quarter of fiscal 2023 and how did they compare to the previous year?,"Gap Inc's net sales for Q1 fiscal 2023 were $3.28 billion, down 6% from last year which is inclusive of an estimated 1-point foreign exchange headwind and 2 percentage points of negative impact from the sale of Gap China.","
According to the context information, Gap Inc's net sales for the first quarter of fiscal 2023 were $3.28 billion, which is a 6% decrease compared to the same period last year. This is inclusive of an estimated 1-point foreign exchange headwind and 2 percentage points of negative impact from the sale of Gap China.","['What were the net sales of Gap Inc. in the first quarter of fiscal 2023, and how did this compare to the same period last year?', ""Report on Gap Inc.'s net sales for the first fiscal quarter of 2023 and their year-over-year comparison."", 'How much did Gap Inc. make in net sales during the first quarter of fiscal 2023, and what was the difference from the previous year?', ""Detail Gap Inc.'s net sales for Q1 of fiscal 2023 and compare them to the net sales from the first quarter of the previous year.""]"
"How did merchandise margin change from the previous year, and what were the drivers of this change?","Merchandise margin increased 600 basis points versus last year, or 610 basis points on an adjusted basis, due to lower air freight expense and improved promotional activity in the quarter, partially offset by inflationary cost headwinds.","The context information provided is a financial report for a company's first quarter of fiscal year 2023. The report includes information about the company's net sales, comparable sales, and merchandise margin. Based on the information provided, the merchandise margin increased by 600 basis points or 610 basis points on an adjusted basis compared to the previous year. The drivers of this change were lower air freight expense and improved promotional activity, partially offset by inflationary cost headwinds.","['How did the merchandise margin for Gap Inc. change compared to last year, and what influenced this change?', 'What was the year-over-year change in merchandise margin for Gap Inc., and what were the main factors driving this change?', ""Describe the change in Gap Inc.'s merchandise margin from the previous year and identify the key drivers of this change."", ""Explain how Gap Inc.'s merchandise margin shifted from the previous year and the factors that contributed to this shift.""]"
"Did Gap Inc. have an operating profit or loss, and if so, what was the amount?",Reported operating loss of $10 million. Adjusted operating income was $18 million.,"
According to the information provided, Gap Inc. had an operating loss of $10 million.","['Did Gap Inc. report an operating profit or loss for the period, and what was the amount?', ""What was Gap Inc.'s operating result, profit or loss, for the period and the specific figure?"", 'For the reported period, did Gap Inc. have an operating profit or a loss, and what was the total?', 'State whether Gap Inc. had an operating profit or loss during the period and provide the exact figure.']"
"What were the key results from each of Gap Inc.'s brands (Old Navy, Gap, Banana Republic, and Athleta)?","The key results for Gap Inc.'s brands in the first quarter are the following:
* Old Navy: $1.8 billion in revenue, sales down 1%.
* Gap: $692 million in revenue, sales down 13%.
* Banana Republic: $432 million in revenue, sales down 10%.
* Athleta: $321 million in revenue, sales down 11%.","
Here are the key results from each of Gap Inc.'s brands in the first quarter:

* Old Navy: Revenue was 1.8billion, sales down 1%
* Gap: 692 million, down 13%
* Banana Republic: 432million, down 10%
* Athleta: 321 million, down 11%
Please let me know if you have any other questions or if there's anything else I can help you with.","[""What were the primary results for each of Gap Inc.'s brands including Old Navy, Gap, Banana Republic, and Athleta?"", ""Summarize the key financial outcomes for each of Gap Inc.'s brands: Old Navy, Gap, Banana Republic, and Athleta."", ""Detail the significant results for Gap Inc.'s brands—Old Navy, Gap, Banana Republic, and Athleta."", ""Report on the main financial results for each of Gap Inc.'s brands: Old Navy, Gap, Banana Republic, and Athleta.""]"
What is the company's outlook on net sales for the second quarter and the full fiscal year 2023?,Second quarter net sales expected to decrease mid to high-single digits. Fiscal 2023 net sales expected to decrease low to mid-single digits.,"The company's outlook for net sales in the second quarter is in the mid to high single-digit range compared to last year's net sales of $3.86 billion. For the full fiscal year 2023, the company anticipates net sales could decrease in the low to mid single-digit range compared to last year's net sales of $15.6 billion.","[""What are Gap Inc.'s sales projections for the second quarter and the entire fiscal year of 2023?"", ""What is Gap Inc.'s forecast for net sales in Q2 and for the full fiscal year 2023?"", 'How does Gap Inc. anticipate its net sales to perform in the second quarter and throughout fiscal year 2023?', 'What sales expectations does Gap Inc. have for the second quarter and for the entirety of fiscal year 2023?']"
"How much cash and cash equivalents did Gap, Inc. have at the end of the quarter?",Gap Inc. had $1.2 billion in cash and cash equivalents at the end of the quarter.,"
According to the information provided, Gap, Inc. had $1,198 million in cash and cash equivalents at the end of the quarter.","['How much cash and equivalents did Gap Inc. possess at the end of the recent quarter?', ""What was the total amount of cash and cash equivalents held by Gap Inc. at the quarter's end?"", 'At the close of the quarter, what was the balance of cash and cash equivalents for Gap Inc.?', 'What amount of cash and cash equivalents did Gap Inc. report at the conclusion of the quarter?']"
How does the company expect gross margin to change in Q2 and the full year compared to 2022?,Gross margin is expected to expand in Q2 and the full year compared to the prior year.,"The company expects gross margin expansion in Q2 and the full year compared to 2022.










































































































































































































































































































































































































































































































","['How is Gap Inc. expecting its gross margin to vary in the second quarter and throughout the full year compared to 2022?', ""What are Gap Inc.'s expectations for changes in gross margin for Q2 and the full year relative to 2022?"", 'In what way does Gap Inc. foresee its gross margin changing in the second quarter and over the full year compared to last year?', 'What projections does Gap Inc. have regarding the change in gross margin for the second quarter and the entire year as compared to 2022?']"
"Did Gap Inc. pay a dividend in the first quarter, and what is their dividend strategy going forward?",Paid a dividend of $0.15 per share in the first quarter. The Board approved the same for the second quarter.,"
Gap Inc. did pay a dividend in the first quarter of $0.15 per share, and the Board has approved the same for the second quarter. Therefore, the dividend strategy going forward is to continue paying a quarterly dividend of $0.15 per share.","['Did Gap Inc. issue a dividend in the first quarter, and what are their future plans regarding dividends?', 'Was there a dividend paid by Gap Inc. in the first quarter, and what is their strategy for dividends moving forward?', 'In the first quarter, did Gap Inc. distribute dividends, and what is their dividend policy for the future?', 'Has Gap Inc. paid out a dividend in the first quarter, and what does their dividend strategy look like going forward?']"
What are the key actions Gap Inc. is taking to execute its plan?,"Key actions include driving critical change for consistent long-term results, focusing on customer experience, reducing inventory, and strengthening the balance sheet.","Gap Inc. is taking actions such as delivering improvements to the business, share gains at Old Navy and Gap Brand, adjusted operating margin expansion, reduction in inventory, and strength in its balance sheet.","['What strategic actions is Gap Inc. taking to implement its business plan?', 'What are the key steps Gap Inc. is undertaking to fulfill its strategic plan?', 'Identify the main actions being taken by Gap Inc. to execute its business strategy.', 'What are the principal measures Gap Inc. is implementing to carry out its strategic objectives?']"
